{"timeLimit":1000,"input":"В единственной строке дано число $n$ $(1 \\leq n \\leq 2 * 10^{9})$ - количество ребят.","sampleTests":[{"input":"1\r\n","output":"0"},{"input":"5\r\n","output":"10"},{"input":"100\r\n","output":"4950"}],"legend":"Новые Хазики только очутились в лицее, и кончено же первым делом начали здороваться друг с другом. Каждый Новый Хазик заходит в класс по одному, и здоровается со всеми уже вошедшими в класс Новыми Хазиками. Изначально класс пуст. Вы заинтересовались, сколько же раз поздороваются ребята всего. Теперь надо это вычислить.","outputFile":"a.out","name":"Новые Хазики","authorName":"Shaikhitdin Nezametdinov","inputFile":"a.in","tutorial":"","language":"russian","notes":"Решения, корректно работающие для $n \\leq 10^{4}$ получат 50 баллов","output":"В единственной строке выведите, сколько раз поздороваются Новые Хазики.","authorLogin":"waihitdin","memoryLimit":67108864}