{"timeLimit":2000,"input":"В первой строке входного файла дано одно число $n$ ($1 \\le n \\le 2 \\cdot 10^5$)~--- количество знаков на дороге.\r\n\r\nДалее следуют $n$ строк. В каждой строке записано одно число $a_i$ ($-10^5 \\le a_i \\le 10^5$)~--- число, написанное на знаке, встреченном Гению Евгеньевичу $i$-ым.\r\n","sampleTests":[{"input":"7\r\n1\r\n-1\r\n4\r\n2\r\n3\r\n-2\r\n0\r\n","output":"1\r\n0\r\n4\r\n2\r\n3\r\n3\r\n4\r\n"}],"legend":"Возвращаясь с работы Гений Евгеньевич Чудаков обратил внимание, что вдоль дороги расставлены разные дорожные знаки. \r\nДорожные знаки на данной дороге представляют из себя таблички, с написанными на них числами.\r\nВ любой момент времени действующим знаком называется последний не отмененный из всех введенных до этого знаков.\r\n Если на знаке написано число $x$, то:\r\n\\begin{itemize}\r\n    \\item $x > 0$: Введено действие знака с числом $x$.\r\n    \\item $x < 0$: Отменено действие знака с числом $-x$, если таковой был на дороге до этого.\r\n    \\item $x = 0$: Отмененяет действующий знак. Если действующих знаков нет, то ничего не происходит.\r\n\\end{itemize}\r\nПри этом число $x \\ne 0$ может встретится на дороге не более одного раза. \r\nНапример, Чудаков встретил следующую последовательность из четырех знаков: $1$, $2$, $-2$, $0$. После знака -$2$, действующим знаком будет, соответственно, знак $1$.\r\n\r\nГений Евгеньевич хочет после проезда каждого нового знака знать, какой знак действует сейчас, но из-за обучения фиксиков у него нет времени, чтобы решить эту задачу, поэтому он просит вас о помощи в этом нелегком деле.\r\n","outputFile":"road.out","name":"Дорога домой","authorName":"Grigory Shovkoplyas","inputFile":"road.in","tutorial":"","language":"russian","notes":"","output":"Для каждого знака выведите на новой строке число, которое написано на знаке, который будет действующим после исполнения инструкции текущего. Если действующих знаков нет, выведите \\texttt{0}.","authorLogin":"gshark","memoryLimit":268435456}