{"timeLimit":2000,"input":"В первой строке дано натуральное число $n$ ($1 \\le n \\le 10^5$)~--- количество открывающих скобок в скобочной последовательности, полученной в результате применения функции $f$.","sampleTests":[{"input":"1\r\n","output":"1\r\n"},{"input":"2\r\n","output":"10\r\n"},{"input":"3\r\n","output":"210\r\n"}],"legend":"Все знают, что Игрек самый умный в фиксик в школе. Он, как и мы с вами, любит решать сложные задачки. Недавно он заинтересовался деревьями, а конкретно \\textit{cкобочными деревьями}, но они не так просты, как ему показалось сначала. Вот одна из задачек, которые он не смог решить.\\\\\r\n\r\n\\textit{Скобочное дерево}~--- это такое подвешенное дерево, в каждой вершине которого записана открывающая или закрывающая скобка, дети каждой вершины упорядочены, и каждый ребенок является скобочным деревом.\r\n\r\nОбозначим корень скобочного дерева $T$ как $root_T$. За $a_v$ обозначим скобку, которая записана в вершине $v$. \r\n\r\nВведем также отношение \\textit{эквивалентности} двух \\textit{скобочных деревьев}:\r\nдва \\textit{скобочных дерева} $A$ и $B$ являются \\textit{эквивалентными}, если скобки, записанные в $root_A$ и $root_B$ равны, количество детей $root_A$ и $root_B$ одинаково и, наконец, $i$-й ребенок $root_A$ \\textit{эквивалентен} $i$-му ребенку $root_B$.\\\\\r\n\r\nВведем рекурсивную функцию $f(v)$ от вершины скобочного дерева, которая будет вычисляться следующим образом: \r\n\\begin{equation*}\r\nf(v)=\r\n\\begin{cases}\r\na_v \\text{, если $v$ лист}\\\\\r\nf(c_1) + f(c_2) + \\dots + f(c_k) + a_v \\text{, где $c_i$~--- дети вершины $v$ в упорядоченном порядке}\r\n\\end{cases}\r\n\\end{equation*}\r\n\r\nРезультатом этой функции является строка из открывающих и закрывающих скобок.\r\n\r\nСколько существует различных \\textit{скобочных деревьев} $T$, таких что $f(root_T)$ является правильной скобочной последовательностью с $n$ открывающими скобками?\r\n\r\nА вы сможете помочь Игреку с этой задачкой?","outputFile":"bracetree.out","name":"Игрек и скобочное дерево","authorName":"Ilya Peresadin","inputFile":"bracetree.in","tutorial":"","language":"russian","notes":"","output":"В единственной строке выведите ответ на задачу по модулю $10^9+7$.","authorLogin":"pva701","memoryLimit":268435456}