{"timeLimit":2000,"input":"В первой строке входного файла даны три числа $n$, $A$, $B$ ($3 \\le n \\le 10^5, 1 \\le A, B \\le 10^5$)~--- количество ножек в ремонтном наборе, сумма и произведение искомых ножек.\r\n\r\nВо второй строке даны $n$ чисел $a_i$ ($1 \\le a_i \\le 10^5$)~--- сопротивления ножек, которые есть в наборе.\r\n","sampleTests":[{"input":"5 11 40\r\n1 2 3 4 5\r\n","output":"2 4 5\r\n"},{"input":"3 9 27\r\n3 3 3\r\n","output":"3 3 3\r\n"},{"input":"3 9 27\r\n3 2 3\r\n","output":"-1\r\n"}],"legend":"Папус учит Нолика чинить транзисторы. Транзисторы состоят из основы и трех ножек. Для каждой ножки сопростивление выражается целым числом и известно. На основе написаны два числа $A$ и $B$. Транзистор будет работать, если сумма сопротивлений ножек равна $A$, а произведение соответственно $B$.\r\n\r\nКогда Папус ушел, Нолик обнаружил основу от транзистора. Чтобы показать свою самостоятельность, он хочет починить этот транзистор.\r\n\r\nУ Нолика есть $n$ ножек в ремонтном наборе. Чинить транзисторы он умеет, однако выбрать нужные ножки непростая задача. Помогите ему найти три ножки, которые будут совместимы с данной основой.","outputFile":"repair.out","name":"Починка транзистора","authorName":"Grigory Shovkoplyas","inputFile":"repair.in","tutorial":"","language":"russian","notes":"","output":"В выходной файл выведите три числа~--- сопростивление подходящих ножек. Если ответов несколько, можно вывести любой. Если ответа не существует выведите \\texttt{-1}.","authorLogin":"gshark","memoryLimit":268435456}