{"timeLimit":2000,"input":"В первой строке входного файла находятся три целых числа $n, m, k$ ($1 \\le n \\le 10^5, 1 \\le m \\le 10^5, 1 \\le k \\le n$)~--- количество кубиков, расположенных в ряд, количество событий в игре и длина отрезка.\r\nВ следущей строке находятся $n$ чисел $a_i$ ($1 \\le a_i \\le 10^6$)~--- цвета кубиков в начальный момент времени.\r\n\r\nВ следующих $m$ строках находятся описания событий игры~--- по одному в строке:\r\n\\begin{itemize}\r\n\\item 1 i x~--- изменить цвет $i$-го ($1 \\le i \\le n$) кубика на цвет $x$ ($1 \\le x \\le 10^6$);\r\n\\item 2 l r~--- ответить на вопрос: какое максимальное количество различных цветов находится на некотором отрезке длины $k$, содержащемся в $[l \\dots r]$, $r - l + 1 \\ge k$.\r\n\\end{itemize}","sampleTests":[{"input":"5 3 3\r\n1 2 1 3 3\r\n2 1 3\r\n1 3 3\r\n2 1 5\r\n","output":"2\r\n3\r\n"},{"input":"6 6 3\r\n2 3 1 1 1 9\r\n2 1 3\r\n2 3 5\r\n1 3 3\r\n2 1 5\r\n1 2 1\r\n2 1 6\r\n","output":"3\r\n1\r\n2\r\n3\r\n"}],"legend":"Нолик обнаружил на телефоне Дим Димыча одну занимательную игру. Эта игра по задумке ее создателей должна тренировать реакцию и внимательность. Но для Дим Димыча она слишком сложна.\r\n\r\nИгра состоит в следующем. На экране телефона расположены $n$ цветных кубиков, которые стоят в один ряд. В некоторые моменты времени цвета некоторых кубиков меняются. А также, иногда игра задает вопрос играющему: она говорит ему некоторый интервал $[l \\dots r]$ ($1 \\le l \\le r \\le n$), а играющий должен ответить~--- какое максимальное количество различных цветов находится на некотором отрезке длины $k$, содержащемся в $[l \\dots r]$. Число $k$ генерируется в начале игры и остается постоянным на всем ее протяжении. Цель игры заключается в том, чтобы правильно ответить на все вопросы игры.\r\n\r\nВам предлагается побыть в роле программиста этой игры и посчитать правильные ответы на все вопросы.","outputFile":"different.out","name":"Нолик и игра","authorName":"Ilya Peresadin","inputFile":"different.in","tutorial":"","language":"russian","notes":"","output":"Выведите ответы на вопросы игры по одному в строке в том порядке, в котором они задаются игрой.","authorLogin":"pva701","memoryLimit":268435456}