{"timeLimit":2000,"input":"В первой строке входных данных дано число $n$ ($1 \\le n \\le 10^5$)~--- количество фигурок на полке.\r\nВо второй строке дана последовательность символов <<N>>, <<S>>, <<W>>, <<E>> длинны $n$~--- направления фигурок.\r\n","sampleTests":[{"input":"7\r\nNSNEWNN\r\n","output":"3\r\n"}],"legend":"Нолик опять попал в неприятности! На этот раз он умудрился переворошить коллекцию фигурок Дим Димыча. Дим Димыч очень трепетно относится к этим фигуркам,\r\nпоэтому, если он увидит их в таком беспорядке, он очень расстроится. Симка решила быстро все исправить.\r\n\r\nПосле того, как Нолик поиграл с фигурками, каждая из них стояла на полке и была направлена в одном из четырех направлений: на сервер, на юг, на запад или на восток.\r\nЧтобы хоть как-то исправить ситуацию, Симка решила перевернуть некоторые фигурки так, чтобы в итоге все они были направлены в одну сторону.\r\nЗа одну секунду Симка может поменять направление одной из фигурок. Помогите Симке определить, за какое минимальное время она может добиться того,\r\nчтобы все фигурки были направлены в одну сторону.\r\n","outputFile":"figures.out","name":"Фигурки","authorName":"Evgeny Zamyatin","inputFile":"figures.in","tutorial":"","language":"russian","notes":"","output":"Выведите минимальное время, за которое Симка может справится со своей задачей.\r\n","authorLogin":"odeen","memoryLimit":268435456}