{"timeLimit":2000,"input":"В первой и единственной строке входного файла даны два числа $n$, $k$ ($1 \\le n \\le 10^9, 1 \\le k \\le 100$)~--- начальное количество конфет в упаковке и максимальное количество конфет, которое можно взять за один ход.\r\n","sampleTests":[{"input":"4 2\r\n","output":"Masya\r\n"},{"input":"5 3\r\n","output":"Masya\r\n"}],"legend":"Несмотря на то, что фиксики питаются энергией, они так же очень любят сладости.\r\nИ вот сегодня Папус, гуляя по квартире Дим Димыча вместе с Масей, нашел на столе упаковку конфет. \r\n\r\nНедолго думая, они достали все конфеты и пересчитали их. Конфет оказалось ровно $n$ штук. \r\nОба фиксика хотят забрать себе как можно больше конфет, а поделить их пополам~--- слишком сложно. \r\nПоэтому они придумали другой способ поделить конфеты~--- игровой. Папус и Мася по очереди будут брать конфеты из кучки, \r\nно каждый раз не более $k$ конфет, так как руки у маленьких фиксиков не очень большие.\r\nТакже запрещается брать количество конфет, которое было взято соперником на предыдущем ходу, потому что повторение~--- это скучно. \r\n\r\nПроигрывает тот, кто не может сделать ход.\r\nПапус, как истинный джентельмен, отдал право первого хода Масе. Выигравший фиксик оставляет за собой право поделить конфеты так, как он хочет. \r\nПомогите им, скажите, кто выиграет при правильной игре и будет делить все конфеты!\r\n","outputFile":"game.out","name":"Сладкая жизнь","authorName":"Dmitry Philippov","inputFile":"game.in","tutorial":"","language":"russian","notes":"","output":"В единственной строке выходного файла выведите <<\\texttt{Masya}>>, если при правильной игре выиграет Муся и <<\\texttt{Papus}>> в противном случае.\r\n","authorLogin":"DimaPhil","memoryLimit":268435456}