{"timeLimit":2000,"input":"В первой строке входных данных дано число $n$ ($1 \\le n \\le 10^5$)~--- количество вершин в дереве.\r\n\r\nВо второй строке даны $n$ чисел $x_i$ ($1 \\le x_i \\le 10^9$)~--- числа написанные на вершинах. На $i$-й вершине написано число $x_i$.\r\n\r\nВ следующих $n-1$-й строке идут пары чисел $a_i$, $b_i$ ($1 \\le a_i, b_i \\le n$)~--- рёбра в дереве.\r\n","sampleTests":[{"input":"8\r\n9 2 8 8 7 2 1 2\r\n2 1\r\n3 1\r\n4 1\r\n5 2\r\n6 4\r\n7 5\r\n8 5\r\n","output":"21\r\n"}],"legend":"Гений Евгеньевич давно мечтал о дереве. Сейчас в моде деревья с $n$ вершинами, на каждой из которых написано число $x_i$.\r\nДолгожданный день настал, и Гений Евгеньевич смог себе приобрести такое дерево. Вернувшись из магазина после покупки, он начал считать\r\nразличные величины на этом дереве. Все ему давалось очень просто, пока он не решил найти путь в этом дереве, значение величины $length(path(u, v))*min(x_u, x_v)$ \r\nдля которого максимально. Здесь $path(u, v)$~--- путь между вершинами $u$ и $v$, $length(path)$~--- длина пути $path$ в ребрах.\r\n\r\nУже который день Гений Евгеньевич не выходит на улицу. Его друзья, естественно, начали волноваться. Они просят Вас помочь Гению Евгеньевичу справиться с задачей.\r\n","outputFile":"tree.out","name":"Дерево","authorName":"Evgeny Zamyatin","inputFile":"tree.in","tutorial":"","language":"russian","notes":"","output":"Выведите максимальное значение величины, описанной в условии.\r\n","authorLogin":"odeen","memoryLimit":268435456}