{"timeLimit":1000,"input":"В первой строке даны два числа $n$, $m$ $(1 \\leq n, m \\leq 10^{5})$ - количество Особенных Хазиков в кабинете и количество заходящих Новых Хазиков соответственно. В следующей строке находятся $n$ элементов массива $a$ $(0 \\leq a_i \\leq 1)$. Далее, в следующих $m$ строках даны по два числа - $v_i$ и $u_i$ $(1 \\leq v_i, u_i \\leq n)$, позиции, Особенные Хазики на которых меняются прежде чем в класс войдет Новый Хазик с индексом $i$.","sampleTests":[{"input":"6 6\r\n1 0 0 1 0 0\r\n6 1\r\n6 3\r\n1 5\r\n5 6\r\n6 4\r\n6 2\r\n","output":"6\r\n4\r\n4\r\n4\r\n6\r\n3\r\n"},{"input":"6 6\r\n0 1 0 0 0 1\r\n2 3\r\n4 2\r\n4 4\r\n5 2\r\n5 1\r\n2 4\r\n","output":"6\r\n6\r\n6\r\n6\r\n6\r\n6\r\n"}],"legend":"\\epigraph{ \r\nВсем общий, жигиттер! \r\n}{Очень ленивый человек}\r\n\r\nПравило известное каждому - если уж с кем-то здороваться, то здороваться и со всеми остальными рядом, неважно, знакомы они вам или нет. Порой бывает и такое, что не совсем хочется проходить 30 человек разом - в такие моменты и приходит на помощь заветная фраза: \"Всем общий!\". Но и ей надо пользоваться аккуратно - люди бывают разные и могут воспринять это как неуважение (из-за чего потом очень сильно на вас обидятся). Новые Хазики слишком озадачены такими запутанными правилами, так что вам, как их добрейшему наставнику, придется им все детально объяснить.\r\n\r\nВы решили обучить m Новых Хазиков этому мастерству. Для этого вы попросили n Особенных Хазиков (не Новых) стать в ряд. Особенные Хазики (совсем как обычные люди) могут обидеться если с ними не поздороваются лично. Особенный Хазик с индексом $i$ обижается если $a_i$ = 1 и воспринимает это нормально если $a_i$ = 0. Для каждого Нового Хазика вы проделываете следующие операции. Вы выбираете двух Особенных Хазиков и просите их поменяться местами. После чего вы впускаете в класс очередного Нового Хазика. Новый Хазик должен поздороваться со всеми со всеми Особенными Хазиками по порядку, начиная с первого. При этом Новый Хазик не должен терять времени зря, так что он должен сказать \"Всем общий!\" как только это станет возможно, а именно когда среди Особенных Хазиков с которыми он еще не поздоровался не останется ни одного обидчивого. Чтобы проверить, все ли правильно они усвоили, вы должны написать программу, которая зная сколько было Особенных Хазиков в классе и все обмены местами, для каждого Нового Хазика выведет количество людей, с которыми он должен поздороваться, прежде чем сказать \"Всем общий!\".","outputFile":"b.out","name":"Всем общий!","authorName":"Shaikhitdin Nezametdinov","inputFile":"b.in","tutorial":"","language":"russian","notes":"Решения, корректно работающие для $n \\leq 10^{3}$ получат 50 баллов","output":"Выведите $m$ строк, по одной на каждый обмен местами, минимальное количество Особенных Хазиков с которыми обязательно должен поздороваться Новый Хазик с номером $i$. Напоминаем, что Новые Хазики начинают здороваться со всеми Особенными Хазиками по порядку, начиная с первого. ","authorLogin":"waihitdin","memoryLimit":67108864}