{"timeLimit":2000,"input":"В единственной строке входного файла через пробел перечислены $ 10 $ чисел (от $1$ до $10^5$)~--- количество грибов собранных, в каждом забеге.","sampleTests":[{"input":"9 13 7 8 10 4 5 8 9 3\r\n","output":"YES\r\n"},{"input":"1 1 1 1 1 1 1 1 1 1\r\n","output":"NO\r\n"},{"input":"2 2 2 2 2 2 2 2 2 2\r\n","output":"YES\r\n"}],"legend":"Дим Димыч вместе с одноклассниками отправился собирать грибы.\r\n\r\nВсего (включая Дим Димыча) собралось 5 человек.\r\nДля удобства они посчитались и каждому ученику присвоили номер от одного до пяти.\r\nРебята решили устроить соревнование, чтобы определить, кто лучше всех собирает грибы.\r\nСоревнования устроены следующим образом: всего будет десять забегов, в каждом забеге участвуют два ученика:\r\n\r\nВ первом забеге~--- первый и второй участники.\r\n\r\nВо втором~--- первый и третий.\r\n\r\nВ третьем~--- первый и четвертый.\r\n\r\nВ четвертом~--- первый и пятый.\r\n\r\nВ пятом~--- второй и третий.\r\n\r\nВ шестом~--- второй и четвертый.\r\n\r\nВ седьмом~--- второй и пятый.\r\n\r\nВ восьмом~--- третий и четвертый.\r\n\r\nВ девятом~--- третий и пятый.\r\n\r\nВ десятом~--- четвертый и пятый.\r\n\r\nДим Димыч записал, сколько грибов собрали суммарно в каждом забеге.\r\nА также он знает, что каждый участник в любом из своих забегов собирал одинаковое (целое, больше либо равное нулю) количество грибов. Теперь Дим Димыч хочет подвести итоги соревнования, но боится, что допустил в записях ошибку. Помогите ему выяснить, была ли допущена ошибка.","outputFile":"mushrooms.out","name":"Грибы","authorName":"Zakhar Voit","inputFile":"mushrooms.in","tutorial":"","language":"russian","notes":"В первом примере подходящие количества грибов, собранных каждым участником: $ 6 $, $ 3 $, $ 7 $, $ 1 $, $ 2 $.\r\n\r\nВо третьем примере каждый участник собрал по одному грибу.","output":"Выведите \"NO\" (без кавычек), если в результатах соревнования допущена ошибка, и выведите \"YES\" в противном случае.","authorLogin":"Zakhar_Voit","memoryLimit":268435456}