{"timeLimit":1000,"input":"В первой строке записано число $n$ $(1 \\leq n \\leq 10^{9})$ - количество человек играющих в игру.","sampleTests":[{"input":"3\r\n","output":"3"},{"input":"6\r\n","output":"5"},{"input":"8\r\n","output":"1"}],"legend":"Вечера в лицее - радость.\r\n\r\nВаши $n$ друзей (включая вас) решили сыграть в игру. Игра вкратце. \r\n\r\nПо кругу стоят n людей, они пронумерованы числами от 1 до n по часовой\r\nстрелке. Первый из них, начиная с себя, отсчитывает по часовой стрелке двух человек, и последний из этих двух выходит из круга. После этого счет продолжается, начиная со следующего после выбывшего. Так продолжается до тех пор, пока в круге не останется ровно один человек. Оставшийся человек получает \"Albuni\". Вы, конечно же, хотите выиграть. Скажите какое место вы должны занять чтобы получить приз.","outputFile":"c.out","name":"Новая игра","authorName":"Shaikhitdin Nezametdinov","inputFile":"c.in","tutorial":"","language":"russian","notes":"Решения, корректно работающие для $n \\leq 10^{3}$ получат 50 баллов","output":"Выведите, каким по номеру вы должны быть чтобы выиграть.","authorLogin":"waihitdin","memoryLimit":67108864}