{"timeLimit":2000,"input":"В единственной строке входного файла находятся шесть натуральных чисел $A$, $B$, $C$, $D$, $X$, $Y$ ($A \\le B \\le 10^{12}, C \\le D \\le 10^{12}, X \\le Y \\le 10^{12}$).","sampleTests":[{"input":"1 10 5 15 20 30\r\n","output":"YES\r\n2 10\r\n"},{"input":"3 9 5 15 23 50\r\n","output":"YES\r\n7 7\r\n"},{"input":"6 7 8 9 100 200\r\n","output":"NO\r\n"}],"legend":"Все знают, что Симка активный фиксик. Сегодня она решила устроить день физкультуры, поэтому она будет заниматься спортом, пока не устанет. Для начала она попрыгает в длину.\r\n\r\nСимка может прыгнуть на любое целое количество метров из интервала $[A \\dots B]$. Чтобы немного разнообразить свои занятия, она хочет выбрать $a$, $A \\le a \\le B$, и каждый раз прыгать ровно на $a$ метров. Она собирается сделать от $C$ до $D$ прыжков. В результате своих занятий она хочет пропрыгать от $X$ до $Y$ метров.\r\n\r\nФормально говоря, вам даны интервалы $[A \\dots B], [C \\dots D], [X \\dots Y]$, от вас требуется выбрать целые $a$ и $b$ ($A \\le a \\le B, C \\le b \\le D$), такие что $X \\le a \\times b \\le Y$.","outputFile":"jumps.out","name":"Симка и прыжки","authorName":"Ilya Peresadin","inputFile":"jumps.in","tutorial":"","language":"russian","notes":"","output":"В первой строке выведите \\text{YES}, если решение существует, и в следующей строке два натуральных числа $a$ и $b$ ($A \\le a \\le B, C \\le b \\le D$). В противном случае, выведите \\text{NO}.\r\n\r\nЕсли существует несколько ответов~--- выведите любой из них.","authorLogin":"pva701","memoryLimit":268435456}