{"timeLimit":2000,"input":"В первой строке даны два числа $n, m, k$ ($1 \\le n, m \\le 2 \\cdot 10^5, 1 \\le k \\le 31$)~--- количество чисел в последовательности, число операций и длина числа.\r\n\r\nВо второй строке даны $n$ чисел $a_i$ ($0 \\le a_i \\le 2^k-1$)~--- исходное состояние последовательности.\r\n\r\nВ следующих $m$ строках даны запросы. \r\n\r\nДля запроса первого типа записаны три числа $1~x~y$ ($1 \\le x \\le n, 0 \\le y \\le 2^k-1$)~--- позиция в последовательности и новое значение. \r\n\r\nДля запроса второго типа записаны три числа $2~l~r$ ($1 \\le l \\le r \\le n$)~--- левая и правая граница подотрезка, на котором нужно посчитать значение функции.","sampleTests":[{"input":"4 4 5\r\n31 0 12 4\r\n2 1 4\r\n2 2 3\r\n1 3 19\r\n2 2 4\r\n","output":"31\r\n31\r\n27\r\n"}],"legend":"Участвуя в раскопках гробницы Тутонхамона, фиксики нашли последовательность из $n$ $k$-битных чисел и руководство к действию. Чтобы открыть таинственную дверь, нужно выполнить последовательность из $m$ операций одного из двух типов:\r\n\r\n\\begin{itemize}\r\n\\item $1~x~y$~--- поменять число в позиции $x$ на число $y$;\r\n\\item $2~l~r$~--- посчитать значение функции $f(l, r)$.\r\n\\end{itemize}\r\n\r\nФункция $f(l, r)$ определяется так:\r\n\\begin{itemize}\r\n\\item $f(l, l) = a_l$;\r\n\\item $f(l, r) = !(f(l, r-1)$ \\& $a_r)$, где !~--- операция побитового отрицания числа, а \r\n\\&~--- операция побитового И двух чисел.\r\n\\end{itemize}\r\n\r\nПомогите фиксикам найти значения, полученные в ходе выполнения всех операций второго типа.","outputFile":"nand.out","name":"Последовательность","authorName":"Ilya Zban","inputFile":"nand.in","tutorial":"","language":"russian","notes":"","output":"Для каждого запроса второго типа выведите одно целое число~--- результат применения операции на этом отрезке.","authorLogin":"izban","memoryLimit":268435456}