{"timeLimit":1000,"input":"В единственной строке входного файла через пробел перечислено два числа $ N (1 \\le N \\le 10^9) $~--- номер билета, который выдали Дим Димычу, и $ M (0 \\le M \\le 10^9) $~--- количество пассажиров, вощедших до него.","sampleTests":[{"input":"1000 999\r\n","output":"27\r\n"}],"legend":"Дим Димыч едет в автобусе.\r\n\r\nКаждому пассажиру в автобусе на входе выдают билет, а на каждом билете написан номер~---\r\nчисло от $ 1 $ до $10^9$.\r\nДим Димыч заметил, что до него в автобус вошли $ M $ пассажиров. Номер билета который выдают очередному пассажиру всегда на единицу больше, чем номер билета, который выдали предыдущему пассажиру.\r\nСчастливым билетом называется билет, в номере которого все цифры одинаковые.\r\nДим Димычу стало интересно, у скольких пассажиров в автобусе счастливые номера.\r\nПомогите ему выяснить это.","outputFile":"lucky.out","name":"Счастливые билеты","authorName":"Zakhar Voit","inputFile":"lucky.in","tutorial":"","language":"russian","notes":"","output":"Выведите единственное число~--- количество счастливых билетов.","authorLogin":"Zakhar_Voit","memoryLimit":268435456}