{"timeLimit":2000,"input":"В первой строке входного файла содержится единственное число $n$ ($1 \\le n \\le 100\\,000$)~--- количество чисел в наборе $p$.\r\n\r\nВо второй строке содержится $n$ целых чисел $p_i$ ($1 \\le p_i \\le 100\\,000$)~--- набор чисел $p$.\r\n\r\nВ третьей строке дано число $m$ ($n \\le m \\le 100\\,000$)~--- длина массива-подарка.\r\n\r\nВ четвертой строке содержится $m$ чисел $a_i$ ($1 \\le a_i \\le 100\\,000$)~--- числа из массива.\r\n","sampleTests":[{"input":"3\r\n2 3 4\r\n4\r\n1 4 2 3\r\n","output":"YES\r\n2\r\n"},{"input":"3\r\n1 2 3\r\n4\r\n2 3 4 5\r\n","output":"NO\r\n"}],"legend":"Завтра у Дим Димыча день рождения, и Симка решила порадовать его подарком. Но под рукой ничего не оказалось, поэтому она решила подарить ему\r\nмассив натуральных чисел. Чтобы Дим Димыч не обнаружил подарок раньше времени, Симка спрятала массив в системном блоке его компьютера. \r\nОднако как всегда прибежал Нолик и все испортил. Он перемешал все числа в массиве, и теперь он выглядит ужасно, на день рождения\r\nдарить его нельзя. К счастью, Нолик запомнил исходный массив и готов восстановить его, если Симка решит для него одну задачу. А именно, он хочет,\r\nчтобы она по данному набору чисел $p$ нашла подотрезок $q$ такой же длины в массиве-подарке, что $p$ и $q$ <<практически совпадают>>. \r\nДва набора чисел практически совпадают, если в них можно переставить числа таким образом, чтобы они совпали точно. Например, наборы чисел\r\n$\\{1, 3, 2, 1\\}$ и $\\{2, 3, 1, 1\\}$ практически совпадают, а $\\{1, 2, 3\\}$ и $\\{2, 3, 4\\}$~--- нет.\r\n\r\nНолик написал на бумажке набор чисел $p$ и теперь просит вас решить придуманную им задачу. Помогите Симке восстановить подарок Дим Димыча на \r\nдень рождения!\r\n","outputFile":"anagrams.out","name":"Лучший подарок~--- массив!","authorName":"Dmitry Philippov","inputFile":"anagrams.in","tutorial":"","language":"russian","notes":"","output":"В первой строке выходного файла выведите <<\\texttt{YES}>>, если в массиве-подарке существует подотрезок $q$, удовлетворящий условиям Нолика.\r\nВ противном случае выведите <<\\texttt{NO}>>. В случае положительного ответа на второй строке также выведите позицию начала подотрезка. Если ответов несколько, можно вывести любой.\r\n","authorLogin":"DimaPhil","memoryLimit":268435456}